{
  "view/EmployeeDetails.view.xml": 1628919084497,
  "model/json/Employees.json": 1629259479429,
  "model/json/Layouts.json": 1629259481904,
  "model/json/Countries.json": 1629259476500,
  "manifest.json": 1629261577509,
  "model/models.js": 1624851885476,
  "model/formatter.js": 1628742900571,
  "controller/OrderDetails.controller.js": 1629256446776,
  "controller/MasterEmployee.controller.js": 1629159066569,
  "controller/Main.controller.js": 1629259765522,
  "controller/EmployeeDetails.controller.js": 1629159075761,
  "controller/Base.controller.js": 1629158791556,
  "controller/App.controller.js": 1629133334421,
  "control/Signature.js": 1629226410419,
  "Component.js": 1628734166231,
  "manifest-bundle.zip": 1629261576783,
  "Component-preload.js": 1629261577360,
  "model/formatter-dbg.js": 1628742900571,
  "model/models-dbg.js": 1624851885476,
  "controller/OrderDetails-dbg.controller.js": 1629256446776,
  "controller/MasterEmployee-dbg.controller.js": 1629159066569,
  "controller/Main-dbg.controller.js": 1629259765522,
  "controller/EmployeeDetails-dbg.controller.js": 1629159075761,
  "controller/Base-dbg.controller.js": 1629158791556,
  "controller/App-dbg.controller.js": 1629133334421,
  "control/Signature-dbg.js": 1629226410419,
  "Component-dbg.js": 1628734166231,
  "resources.json": 1629261577513,
  "view/OrderDetails.view.xml": 1629255669320,
  "view/MasterEmployee.view.xml": 1626652427281,
  "view/Main.view.xml": 1629136357323,
  "i18n/i18n.properties": 1629235910465,
  "view/App.view.xml": 1629135302081,
  "fragment/TableOrders.fragment.xml": 1629137873264,
  "fragment/TableEmployee.fragment.xml": 1627859087687,
  "fragment/NewIncidence.fragment.xml": 1628913316894,
  "fragment/DialogOrders.fragment.xml": 1628918915909,
  "css/style.css": 1626657196201,
  "index.html": 1629152021010
}