<core:FragmentDefinition xmlns:table="sap.ui.table" xmlns:core="sap.ui.core" xmlns="sap.m"> 
    <Table items="{odataNorthwind>Orders}" width="700px">
        <columns>
            <Column >
                <header>
                    <Label text="{i18n>orderID}"></Label>
                </header>
            </Column>
            <Column >
                <header>
                    <Label text="{i18n>freight}"></Label>
                </header>
            </Column>
            <Column >
                <header>
                    <Label text="{i18n>shipAddress}"></Label>
                </header>
            </Column>
        </columns>
        <items>
           <ColumnListItem type="Navigation" press="toOrdersDetails">
                <cells>
                    <Label text="{odataNorthwind>OrderID}" />
                    <Label text="{odataNorthwind>Freight}" />
                    <Label text="{odataNorthwind>ShipAddress}" />
                </cells>
            </ColumnListItem>
        </items>
    </Table>
</core:FragmentDefinition>